data,pergunta,resposta
2026-05-17 10:52:08,Faça uma análise estratégica da empresa,"**Análise Estratégica da Empresa**

**Resumo Executivo**

A empresa apresenta uma receita total de R$ 743.000,00, com uma receita média de R$ 148.600,00. A análise dos dados revela que o setor de Tecnologia é o principal contribuinte para a receita da empresa, com vendas de R$ 210.000,00. Por outro lado, o setor de Logística é o que apresenta o menor desempenho, com vendas de R$ 95.000,00.

**Análise dos Dados**

A tabela abaixo apresenta os dados completos dos setores:

| Setor | Vendas |
| --- | --- |
| Textil | 120.000 |
| Logística | 95.000 |
| Varejo | 143.000 |
| Tecnologia | 210.000 |
| Industrial | 175.000 |

**Pontos Fortes**

1. **Setor de Tecnologia**: Com vendas de R$ 210.000,00, o setor de Tecnologia é o principal motor da receita da empresa. Isso sugere que a empresa tem uma forte presença no mercado de tecnologia e é capaz de competir com sucesso.
2. **Diversificação**: A empresa opera em vários setores, o que ajuda a reduzir a dependência de um único setor e minimizar os riscos.

**Pontos Fracos**

1. **Setor de Logística**: Com vendas de apenas R$ 95.000,00, o setor de Logística é o que apresenta o menor desempenho. Isso pode ser um sinal de que a empresa precisa melhorar sua estratégia de logística ou considerar a possibilidade de sair desse setor.
2. **Dependência do Setor de Tecnologia**: Embora o setor de Tecnologia seja o principal contribuinte para a receita da empresa, isso também significa que a empresa é dependente desse setor. Se o setor de Tecnologia enfrentar dificuldades, a empresa pode ser afetada negativamente.

**Oportunidades**

1. **Expansão do Setor de Tecnologia**: A empresa pode considerar expandir sua presença no setor de Tecnologia, seja através da criação de novos produtos ou serviços ou da aquisição de outras empresas.
2. **Melhoria da Eficiência**: A empresa pode buscar melhorar a eficiência de seus processos e operações, especialmente no setor de Logística, para reduzir custos e melhorar a competitividade.

**Ameaças**

1. **Concorrência**: A empresa pode enfrentar concorrência intensa nos setores em que opera, especialmente no setor de Tecnologia.
2. **Mudanças no Mercado**: Mudanças no mercado, como mudanças nas preferências dos consumidores ou na economia, podem afetar negativamente a empresa.

**Recomendações**

1. **Desenvolver uma Estratégia de Diversificação**: A empresa deve considerar desenvolver uma estratégia de diversificação para reduzir a dependência do setor de Tecnologia e minimizar os riscos.
2. **Melhorar a Eficiência**: A empresa deve buscar melhorar a eficiência de seus processos e operações, especialmente no setor de Logística, para reduzir custos e melhorar a competitividade.
3. **Monitorar o Mercado**: A empresa deve monitorar constantemente o mercado e as tendências para antecipar mudanças e ajustar sua estratégia conforme necessário.

**Conclusão**

A análise estratégica da empresa revela que a empresa tem um desempenho forte no setor de Tecnologia, mas também enfrenta desafios no setor de Logística. A empresa deve considerar desenvolver uma estratégia de diversificação, melhorar a eficiência e monitorar o mercado para manter sua competitividade e alcançar o sucesso a longo prazo."
